SET SCHEMA 'simple_cinema';

INSERT INTO Cinema VALUES('Horsens');
INSERT INTO cinema VALUES('Viborg');
INSERT INTO cinema VALUES('Randers');
INSERT INTO cinema VALUES('Aarhus C');
INSERT INTO cinema VALUES('Aarhus N');
INSERT INTO cinema VALUES('Silkeborg');
INSERT INTO cinema VALUES('Skanderborg');
INSERT INTO cinema VALUES('Herning');

INSERT INTO cinemahall VALUES
        ('A', 'Horsens'),
        ('B', 'Horsens'),
        ('C', 'Horsens'),
        ('D', 'Horsens'),
        ('E', 'Horsens'),
        ('F', 'Horsens'),
        ('A', 'Viborg'),
        ('B', 'Viborg'),
        ('C', 'Viborg'),
        ('D', 'Viborg'),
        ('E', 'Viborg'),
        ('F', 'Viborg'),
        ('A', 'Randers'),
        ('B', 'Randers'),
        ('C', 'Randers'),
        ('D', 'Randers'),
        ('E', 'Randers'),
        ('F', 'Randers'),
        ('A', 'Aarhus C'),
        ('B', 'Aarhus C'),
        ('C', 'Aarhus C'),
        ('D', 'Aarhus C'),
        ('E', 'Aarhus C'),
        ('F', 'Aarhus C'),
        ('A', 'Aarhus N'),
        ('B', 'Aarhus N'),
        ('C', 'Aarhus N'),
        ('D', 'Aarhus N'),
        ('E', 'Aarhus N'),
        ('F', 'Aarhus N'),
        ('A', 'Silkeborg'),
        ('B', 'Silkeborg'),
        ('C', 'Silkeborg'),
        ('D', 'Silkeborg'),
        ('E', 'Silkeborg'),
        ('A', 'Skanderborg'),
        ('B', 'Skanderborg'),
        ('C', 'Skanderborg'),
        ('D', 'Skanderborg'),
        ('E', 'Skanderborg'),
        ('A', 'Herning'),
        ('B', 'Herning'),
        ('C', 'Herning'),
        ('D', 'Herning'),
        ('E', 'Herning')
;

INSERT INTO movie VALUES(1001, 'Raya and the Last Dragon', 'Long ago, in the fantasy world of Kumandra, humans and dragons lived together in harmony. But when sinister monsters known as the Druun threatened the land, the dragons sacrificed themselves to save humanity. Now, 500 years later, those same monsters have returned and it’s up to a lone warrior, Raya, to track down the last dragon in order to finally stop the Druun for good.' );
INSERT INTO movie VALUES(1002, 'Chaos Walking', 'In the not too distant future, Todd Hewitt (Tom Holland) discovers Viola (Daisy Ridley), a mysterious girl who crash lands on his planet, where all the women have disappeared and the men are afflicted by “the Noise” – a force that puts all their thoughts on display. In this dangerous landscape, Viola’s life is threatened – and as Todd vows to protect her, he will have to discover his own inner power and unlock the planet’s dark secrets.');
INSERT INTO movie VALUES(1003, 'Boogie', 'From acclaimed writer, producer and restaurateur Eddie Huang comes his directorial debut BOOGIE, the coming-of-age story of Alfred “Boogie” Chin, a basketball phenom living in Queens, New York, who dreams of one day playing in the NBA.');
INSERT INTO movie VALUES(1004, 'The Croods: A New Age''47North', 'The Croods need a new place to live. When they discover an idyllic walled-in paradise that meets all their needs, they think their problems are solved … except for one thing. Another family already lives there: the Bettermans.');
INSERT INTO movie VALUES(1005,'Wonder Woman 1984', 'Wonder Woman squares off against Maxwell Lord and the Cheetah, a villainess who possesses superhuman strength and agility.');
INSERT INTO movie VALUES(1006, 'Dark Web: Cicada 3301', 'This intense, high-speed cyber-thriller is based on a series of mysterious, unsolved real-life events. It starts as genius hacker Connor discovers Cicada 3301, an online treasure hunt that could be a recruiting tool for a secret society.');
INSERT INTO movie VALUES(1007, 'Long Weekend', 'Bart’s (Finn Wittrock) chance encounter with the enigmatic Vienna (Zoë Chao) leads to a whirlwind weekend together. The two fall fast and hard, but both carry secrets that could be their undoing or the chance for a fresh start.');
INSERT INTO movie VALUES(1008, 'Insight', 'Jian (Ken Zheng) is a counter terrorism agent who blends his skills as a martial artist and clairvoyant to bring the world’s most nefarious individuals to justice. This lone wolf is forced to make an unexpected detour to Los Angeles upon receipt of the devastating news of a cover up surrounding his brother’s alleged suicide.');
INSERT INTO movie VALUES(1009, 'Judas and the Black Messiah', 'FBI informant William O''Neal (LaKeith Stanfield) infiltrates the Illinois Black Panther Party and is tasked with keeping tabs on their charismatic leader, Chairman Fred Hampton (Daniel Kaluuya). A career thief, O''Neal revels in the danger of manipulating both his comrades and his handler, Special Agent Roy Mitchell (Jesse Plemons).');
INSERT INTO movie VALUES(1010, 'Come Play', 'Desperate for a friend, Oliver seeks solace and refuge in his ever-present cell phone and tablet. When a mysterious creature uses Oliver’s devices against him to break into our world, Oliver’s parents must fight to save their son from the monster beyond the screen.');

INSERT INTO showing VALUES
 ('18:00', '2021-03-20', 1003, 'Horsens', 'C'),
 ('21:00', '2021-03-20', 1009, 'Horsens', 'C'),
 ('21:00', '2021-03-20', 1004, 'Herning', 'C'),
 ('19:30', '2021-03-21', 1006, 'Aarhus N', 'C'),
 ('19:30', '2021-03-20', 1006, 'Silkeborg', 'D'),
 ('19:30', '2021-03-12', 1002, 'Skanderborg', 'C'),
 ('16:00', '2021-03-19', 1003, 'Horsens', 'C'),
 ('19:30', '2021-03-12', 1007, 'Horsens', 'E'),
 ('21:00', '2021-03-21', 1002, 'Herning', 'E'),
 ('18:00', '2021-03-13', 1004, 'Randers', 'E'),
 ('19:30', '2021-03-13', 1007, 'Silkeborg', 'E'),
 ('16:00', '2021-03-13', 1008, 'Silkeborg', 'D'),
 ('21:00', '2021-03-21', 1010, 'Herning', 'D'),
 ('19:30', '2021-03-13', 1002, 'Aarhus C', 'A'),
 ('21:00', '2021-03-13', 1003, 'Randers', 'E'),
 ('18:00', '2021-03-21', 1005, 'Horsens', 'D'),
 ('16:00', '2021-03-19', 1003, 'Aarhus N', 'C'),
 ('18:00', '2021-03-14', 1004, 'Aarhus C', 'D'),
 ('16:00', '2021-03-14', 1005, 'Skanderborg', 'B'),
 ('16:00', '2021-03-19', 1002, 'Silkeborg', 'E'),
 ('18:00', '2021-03-20', 1009, 'Horsens', 'C'),
 ('18:00', '2021-03-13', 1007, 'Viborg', 'A'),
 ('19:30', '2021-03-21', 1007, 'Aarhus C', 'A'),
 ('21:00', '2021-03-19', 1007, 'Skanderborg', 'C'),
 ('18:00', '2021-03-14', 1004, 'Herning', 'D'),
 ('21:00', '2021-03-13', 1003, 'Herning', 'A'),
 ('16:00', '2021-03-14', 1004, 'Skanderborg', 'A'),
 ('19:30', '2021-03-19', 1010, 'Randers', 'D'),
 ('16:00', '2021-03-20', 1006, 'Herning', 'C'),
 ('18:00', '2021-03-20', 1004, 'Skanderborg', 'E'),
 ('19:30', '2021-03-13', 1007, 'Herning', 'C'),
 ('18:00', '2021-03-19', 1005, 'Skanderborg', 'E'),
 ('21:00', '2021-03-20', 1008, 'Silkeborg', 'A'),
 ('16:00', '2021-03-12', 1003, 'Silkeborg', 'A'),
 ('21:00', '2021-03-19', 1002, 'Aarhus N', 'A'),
 ('21:00', '2021-03-14', 1005, 'Viborg', 'A'),
 ('21:00', '2021-03-13', 1005, 'Silkeborg', 'C'),
 ('19:30', '2021-03-21', 1010, 'Skanderborg', 'A'),
 ('21:00', '2021-03-12', 1008, 'Viborg', 'D'),
 ('19:30', '2021-03-21', 1003, 'Aarhus N', 'E'),
 ('19:30', '2021-03-20', 1003, 'Randers', 'C'),
 ('18:00', '2021-03-20', 1001, 'Herning', 'E'),
 ('21:00', '2021-03-13', 1003, 'Aarhus C', 'D'),
 ('19:30', '2021-03-21', 1004, 'Viborg', 'D'),
 ('21:00', '2021-03-14', 1005, 'Randers', 'B'),
 ('21:00', '2021-03-13', 1001, 'Horsens', 'A'),
 ('18:00', '2021-03-19', 1004, 'Viborg', 'C'),
 ('21:00', '2021-03-19', 1003, 'Herning', 'D'),
 ('21:00', '2021-03-12', 1002, 'Silkeborg', 'C'),
 ('18:00', '2021-03-13', 1001, 'Aarhus C', 'B'),
 ('16:00', '2021-03-13', 1002, 'Horsens', 'D'),
 ('21:00', '2021-03-21', 1006, 'Silkeborg', 'C'),
 ('18:00', '2021-03-13', 1003, 'Horsens', 'B'),
 ('18:00', '2021-03-13', 1005, 'Randers', 'D'),
 ('19:30', '2021-03-20', 1010, 'Horsens', 'B'),
 ('16:00', '2021-03-12', 1006, 'Horsens', 'C'),
 ('18:00', '2021-03-13', 1009, 'Skanderborg', 'A'),
 ('18:00', '2021-03-20', 1005, 'Silkeborg', 'D'),
 ('18:00', '2021-03-20', 1004, 'Horsens', 'A'),
 ('21:00', '2021-03-19', 1010, 'Horsens', 'C'),
 ('18:00', '2021-03-21', 1007, 'Aarhus C', 'D'),
 ('19:30', '2021-03-21', 1007, 'Skanderborg', 'E'),
 ('19:30', '2021-03-14', 1010, 'Herning', 'C'),
 ('19:30', '2021-03-13', 1001, 'Viborg', 'C'),
 ('21:00', '2021-03-13', 1003, 'Herning', 'B'),
 ('18:00', '2021-03-13', 1009, 'Aarhus N', 'B'),
 ('16:00', '2021-03-20', 1002, 'Viborg', 'A'),
 ('18:00', '2021-03-14', 1002, 'Randers', 'C'),
 ('19:30', '2021-03-14', 1007, 'Skanderborg', 'B'),
 ('16:00', '2021-03-19', 1006, 'Skanderborg', 'B'),
 ('18:00', '2021-03-13', 1002, 'Randers', 'D'),
 ('19:30', '2021-03-12', 1003, 'Viborg', 'A'),
 ('18:00', '2021-03-12', 1004, 'Aarhus C', 'E'),
 ('21:00', '2021-03-21', 1005, 'Randers', 'C'),
 ('19:30', '2021-03-12', 1010, 'Aarhus N', 'B'),
 ('21:00', '2021-03-14', 1006, 'Skanderborg', 'D'),
 ('19:30', '2021-03-21', 1006, 'Horsens', 'B'),
 ('16:00', '2021-03-20', 1005, 'Silkeborg', 'D'),
 ('16:00', '2021-03-12', 1002, 'Viborg', 'C'),
 ('19:30', '2021-03-12', 1010, 'Aarhus N', 'C'),
 ('18:00', '2021-03-12', 1002, 'Randers', 'B'),
 ('21:00', '2021-03-21', 1009, 'Herning', 'B'),
 ('21:00', '2021-03-21', 1009, 'Skanderborg', 'A'),
 ('19:30', '2021-03-21', 1008, 'Herning', 'B'),
 ('16:00', '2021-03-20', 1004, 'Viborg', 'E'),
 ('19:30', '2021-03-20', 1007, 'Aarhus N', 'E'),
 ('16:00', '2021-03-19', 1001, 'Viborg', 'D'),
 ('18:00', '2021-03-21', 1006, 'Horsens', 'E'),
 ('19:30', '2021-03-13', 1010, 'Aarhus N', 'A'),
 ('19:30', '2021-03-14', 1001, 'Aarhus N', 'D'),
 ('21:00', '2021-03-21', 1004, 'Herning', 'A'),
 ('18:00', '2021-03-12', 1004, 'Horsens', 'B'),
 ('18:00', '2021-03-19', 1003, 'Silkeborg', 'E'),
 ('21:00', '2021-03-19', 1004, 'Aarhus N', 'C'),
 ('21:00', '2021-03-21', 1003, 'Aarhus N', 'A'),
 ('16:00', '2021-03-12', 1004, 'Viborg', 'D'),
 ('16:00', '2021-03-13', 1002, 'Randers', 'A'),
 ('19:30', '2021-03-12', 1005, 'Skanderborg', 'B'),
 ('19:30', '2021-03-20', 1008, 'Aarhus N', 'D'),
 ('16:00', '2021-03-19', 1001, 'Horsens', 'E'),
 ('21:00', '2021-03-12', 1007, 'Horsens', 'E'),
 ('16:00', '2021-03-20', 1001, 'Herning', 'E'),
 ('18:00', '2021-03-14', 1007, 'Skanderborg', 'A'),
 ('21:00', '2021-03-20', 1010, 'Viborg', 'D'),
 ('18:00', '2021-03-20', 1006, 'Horsens', 'B'),
 ('16:00', '2021-03-21', 1007, 'Silkeborg', 'D'),
 ('19:30', '2021-03-20', 1007, 'Viborg', 'B'),
 ('19:30', '2021-03-13', 1003, 'Aarhus C', 'C'),
 ('21:00', '2021-03-12', 1007, 'Randers', 'E'),
 ('19:30', '2021-03-19', 1002, 'Randers', 'A'),
 ('18:00', '2021-03-20', 1007, 'Viborg', 'B'),
 ('16:00', '2021-03-20', 1010, 'Randers', 'C'),
 ('18:00', '2021-03-12', 1008, 'Skanderborg', 'D'),
 ('21:00', '2021-03-14', 1009, 'Randers', 'E'),
 ('18:00', '2021-03-19', 1005, 'Horsens', 'B'),
 ('21:00', '2021-03-12', 1001, 'Horsens', 'D'),
 ('18:00', '2021-03-13', 1001, 'Herning', 'A'),
 ('18:00', '2021-03-13', 1008, 'Aarhus N', 'E'),
 ('18:00', '2021-03-20', 1005, 'Silkeborg', 'C'),
 ('18:00', '2021-03-19', 1003, 'Aarhus N', 'E'),
 ('18:00', '2021-03-12', 1002, 'Aarhus N', 'A'),
 ('21:00', '2021-03-19', 1005, 'Randers', 'C'),
 ('18:00', '2021-03-19', 1002, 'Viborg', 'D'),
 ('16:00', '2021-03-14', 1004, 'Herning', 'C'),
 ('21:00', '2021-03-20', 1005, 'Skanderborg', 'B'),
 ('18:00', '2021-03-14', 1007, 'Viborg', 'C'),
 ('18:00', '2021-03-20', 1009, 'Aarhus C', 'B'),
 ('16:00', '2021-03-20', 1003, 'Horsens', 'D'),
 ('16:00', '2021-03-20', 1007, 'Aarhus C', 'C'),
 ('21:00', '2021-03-13', 1007, 'Herning', 'E'),
 ('19:30', '2021-03-14', 1009, 'Aarhus N', 'A'),
 ('19:30', '2021-03-12', 1001, 'Aarhus N', 'B'),
 ('19:30', '2021-03-12', 1001, 'Aarhus N', 'A'),
 ('18:00', '2021-03-12', 1005, 'Randers', 'D'),
 ('16:00', '2021-03-14', 1001, 'Randers', 'C'),
 ('16:00', '2021-03-21', 1003, 'Herning', 'D'),
 ('18:00', '2021-03-14', 1008, 'Skanderborg', 'E'),
 ('16:00', '2021-03-12', 1008, 'Silkeborg', 'C'),
 ('19:30', '2021-03-21', 1002, 'Aarhus N', 'C'),
 ('18:00', '2021-03-14', 1005, 'Aarhus C', 'E'),
 ('21:00', '2021-03-21', 1010, 'Horsens', 'A'),
 ('16:00', '2021-03-21', 1008, 'Herning', 'D'),
 ('16:00', '2021-03-14', 1005, 'Viborg', 'E'),
 ('19:30', '2021-03-19', 1003, 'Randers', 'C'),
 ('21:00', '2021-03-14', 1010, 'Randers', 'E'),
 ('19:30', '2021-03-20', 1004, 'Aarhus C', 'A'),
 ('18:00', '2021-03-21', 1002, 'Randers', 'A'),
 ('16:00', '2021-03-14', 1006, 'Aarhus C', 'E'),
 ('21:00', '2021-03-14', 1007, 'Randers', 'A'),
 ('18:00', '2021-03-21', 1004, 'Skanderborg', 'D'),
 ('16:00', '2021-03-19', 1005, 'Viborg', 'B'),
 ('18:00', '2021-03-12', 1002, 'Horsens', 'A'),
 ('18:00', '2021-03-21', 1005, 'Viborg', 'C'),
 ('21:00', '2021-03-12', 1010, 'Viborg', 'E'),
 ('21:00', '2021-03-13', 1006, 'Aarhus C', 'E'),
 ('21:00', '2021-03-20', 1008, 'Herning', 'D'),
 ('16:00', '2021-03-20', 1006, 'Aarhus N', 'C'),
 ('21:00', '2021-03-14', 1006, 'Herning', 'B'),
 ('19:30', '2021-03-19', 1003, 'Aarhus N', 'E'),
 ('21:00', '2021-03-12', 1004, 'Horsens', 'D'),
 ('18:00', '2021-03-20', 1005, 'Herning', 'D'),
 ('16:00', '2021-03-19', 1002, 'Skanderborg', 'B'),
 ('19:30', '2021-03-20', 1002, 'Viborg', 'B'),
 ('21:00', '2021-03-13', 1008, 'Aarhus N', 'A'),
 ('18:00', '2021-03-13', 1005, 'Aarhus N', 'C'),
 ('18:00', '2021-03-14', 1007, 'Horsens', 'B'),
 ('16:00', '2021-03-12', 1004, 'Aarhus N', 'A'),
 ('16:00', '2021-03-19', 1004, 'Viborg', 'E'),
 ('21:00', '2021-03-19', 1006, 'Aarhus N', 'E'),
 ('18:00', '2021-03-21', 1010, 'Skanderborg', 'A'),
 ('21:00', '2021-03-12', 1001, 'Skanderborg', 'D'),
 ('18:00', '2021-03-13', 1008, 'Horsens', 'B'),
 ('18:00', '2021-03-14', 1003, 'Herning', 'A'),
 ('16:00', '2021-03-20', 1009, 'Silkeborg', 'A'),
 ('16:00', '2021-03-19', 1002, 'Viborg', 'D'),
 ('21:00', '2021-03-14', 1006, 'Herning', 'D'),
 ('19:30', '2021-03-19', 1007, 'Skanderborg', 'A'),
 ('19:30', '2021-03-14', 1004, 'Aarhus N', 'D'),
 ('19:30', '2021-03-13', 1004, 'Skanderborg', 'C'),
 ('18:00', '2021-03-13', 1005, 'Aarhus C', 'A'),
 ('21:00', '2021-03-14', 1005, 'Horsens', 'D'),
 ('16:00', '2021-03-12', 1003, 'Viborg', 'D'),
 ('16:00', '2021-03-13', 1009, 'Viborg', 'B'),
 ('21:00', '2021-03-12', 1005, 'Skanderborg', 'B'),
 ('18:00', '2021-03-13', 1007, 'Viborg', 'C'),
 ('21:00', '2021-03-21', 1002, 'Aarhus N', 'D'),
 ('16:00', '2021-03-21', 1002, 'Aarhus C', 'A'),
 ('16:00', '2021-03-12', 1006, 'Viborg', 'B'),
 ('18:00', '2021-03-20', 1008, 'Randers', 'C'),
 ('21:00', '2021-03-13', 1008, 'Randers', 'B'),
 ('16:00', '2021-03-14', 1008, 'Aarhus N', 'A'),
 ('21:00', '2021-03-20', 1007, 'Horsens', 'B'),
 ('19:30', '2021-03-20', 1004, 'Viborg', 'C'),
 ('18:00', '2021-03-13', 1005, 'Silkeborg', 'A'),
 ('16:00', '2021-03-13', 1006, 'Aarhus N', 'B'),
 ('19:30', '2021-03-21', 1003, 'Silkeborg', 'D'),
 ('19:30', '2021-03-20', 1009, 'Randers', 'D'),
 ('18:00', '2021-03-12', 1004, 'Skanderborg', 'C'),
 ('18:00', '2021-03-12', 1004, 'Viborg', 'A'),
 ('18:00', '2021-03-21', 1009, 'Aarhus C', 'C')
 ;